{"cameraMode":{"drawMode":0,"name":"Shaded","section":"Shading Mode"},"sceneLighting":false,"audioPlay":false,"sceneViewState":{"showFog":true,"showMaterialUpdate":false,"showSkybox":false,"showFlares":true,"showImageEffects":true,"showParticleSystems":true},"in2DMode":false,"pivot":{"x":-0.051881130784749988,"y":-0.1547999382019043,"z":-0.21934254467487336},"rotation":{"x":0.19312207400798798,"y":-0.025572454556822778,"z":0.005075013730674982,"w":0.9808378219604492},"size":0.13671207427978517,"orthographic":false}